{"pitch": [-2.6455898888480194, 7.389935105307018, 211.84487289989985, 80.0747212532417], "energy": [-1.2471421957015991, 6.381383895874023, 43.75037847476565, 35.08050515993158]}